{"cameraMode":{"drawMode":0,"name":"Shaded","section":"Shading Mode"},"sceneLighting":true,"audioPlay":false,"sceneViewState":{"showFog":true,"showMaterialUpdate":false,"showSkybox":true,"showFlares":true,"showImageEffects":true,"showParticleSystems":true},"in2DMode":false,"pivot":{"x":-0.23872947692871095,"y":-0.6173861026763916,"z":0.670875072479248},"rotation":{"x":0.18942423164844514,"y":0.048576388508081439,"z":-0.009388401173055172,"w":0.9806610345840454},"size":7.373992443084717,"orthographic":false}